participant_id,ad_group
1,2
2,2
3,2
4,1
5,0
6,0
7,0
8,1
9,2
10,1
11,0
12,2
13,1
14,1
15,0
16,0
17,2
18,0
19,0
20,2
21,1
22,1
23,0
24,1
25,1
26,1
27,0
28,0
29,1
30,2
31,2
32,1
33,0
34,2
35,2
36,1
37,2
38,1
39,1
40,2
41,1
42,2
43,1
44,1
45,2
46,1
47,2
48,0
49,2
50,0
51,0
52,0
53,0
54,2
55,0
56,0
57,0
58,0
59,1
60,2
61,0
62,0
63,0
64,2
65,0
66,0
67,0
68,2
69,2
70,0
71,1
72,1
73,0
74,0
75,2
76,2
77,1
78,1
79,0
80,2
81,2
82,0
83,1
84,2
85,0
86,0
87,0
88,1
89,2
90,0
91,0
92,2
93,0
94,0
95,2
96,2
97,1
98,1
99,0
100,1
101,0
102,2
103,0
104,1
105,2
106,2
107,0
108,1
109,2
110,2
111,1
112,0
113,2
114,0
115,1
116,0
117,1
118,0
119,0
120,0
121,0
122,2
123,0
124,1
125,0
126,2
127,0
128,1
129,2
130,0
131,1
132,0
133,1
134,2
135,0
136,1
137,2
138,2
139,0
140,2
141,1
142,2
143,2
144,1
145,1
146,2
147,2
148,1
149,0
150,1
151,0
152,1
153,1
154,1
155,1
156,2
157,1
158,0
159,0
160,2
161,0
162,0
163,0
164,2
165,0
166,2
167,2
168,1
169,0
170,0
171,2
172,0
173,0
174,0
175,2
176,1
177,1
178,1
179,1
180,2
181,1
182,2
183,1
184,1
185,2
186,2
187,0
188,0
189,2
190,1
191,0
192,0
193,1
194,1
195,2
196,2
197,2
198,2
199,0
200,0
201,2
202,0
203,1
204,2
205,2
206,0
207,2
208,0
209,2
210,0
211,1
212,0
213,0
214,1
215,2
216,0
217,0
218,0
219,2
220,2
221,0
222,2
223,2
224,1
225,2
226,1
227,0
228,1
229,1
230,0
231,2
232,1
233,1
234,0
235,2
236,2
237,1
238,0
239,1
240,2
241,0
242,2
243,0
244,1
245,0
246,1
247,0
248,2
249,1
250,2
251,2
252,0
253,1
254,0
255,2
256,0
257,0
258,0
259,0
260,2
261,1
262,2
263,1
264,0
265,0
266,2
267,0
268,1
269,1
270,1
271,2
272,0
273,1
274,0
275,2
276,2
277,1
278,0
279,1
280,1
281,2
282,0
283,1
284,0
285,2
286,0
287,2
288,1
289,0
290,2
291,0
292,0
293,1
294,2
295,1
296,0
297,1
298,1
299,1
300,0
301,0
302,2
303,1
304,2
305,1
306,0
307,2
308,1
309,0
310,0
311,2
312,2
313,1
314,2
315,2
316,1
317,2
318,2
319,2
320,2
321,2
322,2
323,1
324,0
325,0
326,2
327,2
328,0
329,0
330,2
331,1
332,1
333,2
334,1
335,2
336,2
337,0
338,1
339,2
340,1
341,1
342,1
343,1
344,0
345,0
346,2
347,2
348,2
349,1
350,1
351,0
352,0
353,2
354,2
355,2
356,0
357,0
358,2
359,1
360,1
361,1
362,2
363,0
364,0
365,0
366,0
367,0
368,1
369,0
370,2
371,0
372,2
373,0
374,2
375,1
376,1
377,0
378,1
379,1
380,1
381,1
382,1
383,0
384,0
385,1
386,0
387,0
388,0
389,1
390,1
391,2
392,0
393,2
394,2
395,2
396,1
397,0
398,0
399,2
400,0
401,0
402,2
403,2
404,0
405,1
406,2
407,2
408,2
409,2
410,0
411,2
412,0
413,1
414,0
415,2
416,2
417,0
418,2
419,1
420,0
421,1
422,2
423,2
424,2
425,2
426,2
427,2
428,1
429,0
430,2
431,1
432,2
433,1
434,2
435,2
436,0
437,0
438,0
439,2
440,2
441,0
442,1
443,1
444,2
445,1
446,2
447,1
448,0
449,0
450,2
451,2
452,1
453,2
454,1
455,1
456,1
457,2
458,2
459,0
460,1
461,1
462,1
463,0
464,0
465,1
466,0
467,1
468,0
469,2
470,2
471,0
472,2
473,2
474,0
475,0
476,1
477,0
478,1
479,0
480,0
481,1
482,0
483,0
484,0
485,2
486,1
487,0
488,2
489,2
490,0
491,2
492,1
493,2
494,1
495,2
496,1
497,1
498,1
499,0
500,1
501,1
502,1
503,2
504,0
505,2
506,2
507,0
508,1
509,2
510,0
511,2
512,2
513,2
514,0
515,2
516,1
517,2
518,2
519,1
520,0
521,0
522,1
523,0
524,0
525,2
526,2
527,0
528,2
529,2
530,0
531,2
532,2
533,0
534,1
535,0
536,0
537,0
538,2
539,2
540,0
541,2
542,0
543,0
544,0
545,0
546,2
547,0
548,0
549,1
550,1
551,0
552,0
553,2
554,2
555,0
556,2
557,2
558,2
559,1
560,1
561,1
562,1
563,0
564,1
565,0
566,2
567,1
568,2
569,1
570,2
571,1
572,2
573,1
574,2
575,0
576,1
577,1
578,2
579,1
580,0
581,2
582,0
583,1
584,1
585,1
586,0
587,1
588,1
589,1
590,0
591,0
592,1
593,0
594,0
595,0
596,1
597,1
598,0
599,0
600,0
601,0
602,0
603,1
604,0
605,0
606,1
607,0
608,1
609,1
610,0
611,0
612,2
613,1
614,0
615,2
616,0
617,0
618,0
619,2
620,0
621,1
622,1
623,1
624,1
625,2
626,2
627,0
628,0
629,2
630,1
631,2
632,1
633,2
634,1
635,0
636,2
637,2
638,1
639,0
640,2
641,2
642,0
643,2
644,0
645,2
646,0
647,0
648,0
649,1
650,0
651,0
652,2
653,0
654,2
655,0
656,2
657,1
658,2
659,2
660,0
661,0
662,1
663,2
664,2
665,1
666,0
667,0
668,0
669,0
670,0
671,2
672,1
673,1
674,0
675,0
676,0
677,1
678,2
679,2
680,2
681,0
682,0
683,2
684,0
685,2
686,0
687,2
688,2
689,1
690,0
691,0
692,0
693,2
694,0
695,0
696,1
697,2
698,1
699,1
700,1
701,1
702,1
703,2
704,1
705,2
706,2
707,1
708,0
709,2
710,2
711,0
712,1
713,2
714,2
715,2
716,2
717,2
718,2
719,0
720,2
721,1
722,2
723,0
724,2
725,1
726,1
727,0
728,1
729,1
730,1
731,1
732,2
733,0
734,1
735,2
736,2
737,2
738,0
739,2
740,0
741,1
742,1
743,1
744,1
745,1
746,1
747,2
748,2
749,2
750,2
751,2
752,2
753,0
754,2
755,2
756,1
757,1
758,0
759,1
760,1
761,1
762,0
763,0
764,2
765,1
766,0
767,1
768,1
769,2
770,0
771,0
772,2
773,2
774,2
775,2
776,2
777,0
778,0
779,1
780,0
781,0
782,0
783,1
784,0
785,1
786,1
787,1
788,1
789,1
790,0
791,1
792,2
793,1
794,2
795,1
796,2
797,0
798,1
799,2
800,1
801,0
802,0
803,1
804,1
805,2
806,1
807,2
808,0
809,2
810,2
811,2
812,1
813,2
814,0
815,1
816,0
817,2
818,0
819,1
820,0
821,1
822,0
823,0
824,1
825,2
826,1
827,1
828,1
829,1
830,2
831,2
832,0
833,2
834,2
835,0
836,1
837,0
838,1
839,2
840,2
841,0
842,2
843,0
844,1
845,2
846,2
847,2
848,2
849,1
850,1
851,1
852,1
853,2
854,0
855,1
856,0
857,2
858,1
859,2
860,1
861,0
862,2
863,0
864,0
865,1
866,1
867,1
868,2
869,1
870,0
871,1
872,1
873,2
874,1
875,0
876,1
877,1
878,2
879,0
880,1
881,2
882,1
883,1
884,0
885,1
886,0
887,0
888,0
889,0
890,0
891,0
892,2
893,1
894,1
895,2
896,0
897,1
898,1
899,2
900,1
901,0
902,1
903,2
904,1
905,2
906,0
907,0
908,1
909,1
910,2
911,0
912,1
913,0
914,1
915,0
916,0
917,0
918,0
919,1
920,0
921,0
922,0
923,2
924,2
925,1
926,2
927,0
928,1
929,0
930,0
931,0
932,1
933,1
934,2
935,2
936,1
937,2
938,0
939,2
940,1
941,2
942,2
943,0
944,2
945,0
946,1
947,0
948,0
949,0
950,0
951,0
952,0
953,2
954,1
955,2
956,2
957,0
958,1
959,0
960,0
961,1
962,2
963,1
964,0
965,0
966,1
967,2
968,2
969,0
970,0
971,2
972,0
973,0
974,1
975,0
976,0
977,1
978,0
979,0
980,2
981,1
982,2
983,0
984,1
985,0
986,1
987,2
988,2
989,2
990,1
991,1
992,1
993,0
994,0
995,0
996,1
997,0
998,1
999,2
1000,1
1001,0
1002,0
1003,2
1004,2
1005,1
1006,0
1007,0
1008,1
1009,0
1010,2
1011,0
1012,2
1013,1
1014,2
1015,0
1016,1
1017,0
1018,2
1019,1
1020,0
1021,0
1022,1
1023,0
1024,1
1025,0
1026,1
1027,0
1028,0
1029,2
1030,0
1031,1
1032,2
1033,0
1034,2
1035,0
1036,1
1037,0
1038,0
1039,1
1040,2
1041,1
1042,0
1043,2
1044,2
1045,2
1046,1
1047,1
1048,1
1049,1
1050,2
1051,2
1052,1
1053,2
1054,2
1055,2
1056,2
1057,0
1058,2
1059,0
1060,2
1061,2
1062,2
1063,2
1064,1
1065,2
1066,0
1067,0
1068,2
1069,2
1070,0
1071,2
1072,2
1073,2
1074,0
1075,2
1076,0
1077,1
1078,1
1079,2
1080,0
1081,2
1082,2
1083,2
1084,2
1085,0
1086,1
1087,1
1088,2
1089,0
1090,2
1091,0
1092,2
1093,1
1094,2
1095,1
1096,2
1097,1
1098,2
1099,2
1100,1
1101,2
1102,1
1103,2
1104,2
1105,1
1106,2
1107,1
1108,1
1109,0
1110,2
1111,2
1112,2
1113,2
1114,0
1115,2
1116,2
1117,1
1118,1
1119,0
1120,1
1121,1
1122,2
1123,0
1124,1
1125,2
1126,2
1127,2
1128,0
1129,2
1130,0
1131,1
1132,0
1133,1
1134,1
1135,0
1136,2
1137,2
1138,2
1139,0
1140,1
1141,1
1142,1
1143,2
1144,0
1145,2
1146,0
1147,0
1148,1
1149,0
1150,0
1151,2
1152,1
1153,2
1154,1
1155,0
1156,2
1157,0
1158,1
1159,0
1160,0
1161,0
1162,2
1163,1
1164,2
1165,2
1166,1
1167,1
1168,1
1169,0
1170,1
1171,1
1172,0
1173,2
1174,1
1175,2
1176,2
1177,0
1178,1
1179,1
1180,0
1181,1
1182,2
1183,0
1184,1
1185,2
1186,1
1187,0
1188,0
1189,1
1190,1
1191,0
1192,1
1193,0
1194,2
1195,1
1196,2
1197,1
1198,2
1199,2
1200,0
1201,2
1202,0
1203,1
1204,1
1205,1
1206,0
1207,2
1208,2
1209,0
1210,1
1211,2
1212,0
1213,0
1214,1
1215,1
1216,0
1217,0
1218,1
1219,2
1220,0
1221,0
1222,0
1223,2
1224,2
1225,2
1226,1
1227,2
1228,0
1229,0
1230,1
1231,0
1232,1
1233,2
1234,0
1235,2
1236,1
1237,2
1238,2
1239,2
1240,0
1241,1
1242,0
1243,2
1244,0
1245,0
1246,2
1247,2
1248,2
1249,0
1250,2
1251,1
1252,2
1253,1
1254,2
1255,2
1256,1
1257,0
1258,2
1259,2
1260,0
1261,2
1262,2
1263,0
1264,2
1265,2
1266,0
1267,1
1268,1
1269,2
1270,2
1271,2
1272,0
1273,0
1274,0
1275,1
1276,1
1277,2
1278,0
1279,2
1280,0
1281,1
1282,0
1283,2
1284,1
1285,0
1286,1
1287,1
1288,2
1289,0
1290,0
1291,0
1292,1
1293,1
1294,1
1295,0
1296,1
1297,0
1298,2
1299,2
1300,0
1301,0
1302,1
1303,0
1304,0
1305,0
1306,0
1307,1
1308,1
1309,1
1310,0
1311,1
1312,1
1313,2
1314,0
1315,0
1316,0
1317,1
1318,1
1319,0
1320,0
1321,2
1322,2
1323,2
1324,2
1325,2
1326,2
1327,2
1328,1
1329,1
1330,0
1331,0
1332,0
1333,2
1334,0
1335,0
1336,2
1337,0
1338,0
1339,1
1340,2
1341,1
1342,0
1343,1
1344,1
1345,1
1346,0
1347,1
1348,0
1349,2
1350,2
1351,2
1352,2
1353,0
1354,1
1355,2
1356,2
1357,0
1358,0
1359,0
1360,1
1361,1
1362,1
1363,0
1364,0
1365,1
1366,2
1367,1
1368,1
1369,1
1370,0
1371,1
1372,1
1373,0
1374,1
1375,2
1376,0
1377,2
1378,0
1379,0
1380,2
1381,0
1382,0
1383,2
1384,1
1385,2
1386,0
1387,1
1388,1
1389,2
1390,1
1391,0
1392,1
1393,0
1394,0
1395,1
1396,2
1397,2
1398,1
1399,0
1400,0
1401,1
1402,2
1403,1
1404,2
1405,1
1406,0
1407,1
1408,2
1409,0
1410,0
1411,0
1412,0
1413,1
1414,1
1415,0
1416,1
1417,0
1418,0
1419,2
1420,0
1421,2
1422,2
1423,2
1424,2
1425,1
1426,2
1427,0
1428,0
1429,1
1430,0
1431,1
1432,2
1433,1
1434,0
1435,2
1436,0
1437,2
1438,0
1439,1
1440,2
1441,1
1442,1
1443,0
1444,1
1445,2
1446,1
1447,0
1448,2
1449,1
1450,1
1451,0
1452,2
1453,0
1454,2
1455,2
1456,1
1457,0
1458,0
1459,2
1460,1
1461,1
1462,2
1463,1
1464,2
1465,2
1466,2
1467,0
1468,1
1469,0
1470,1
1471,1
1472,2
1473,0
1474,0
1475,1
1476,2
1477,1
1478,2
1479,1
1480,2
1481,0
1482,0
1483,1
1484,1
1485,2
1486,0
1487,1
1488,0
1489,1
1490,0
1491,1
1492,1
1493,2
1494,1
1495,2
1496,0
1497,0
1498,2
1499,1
1500,0
1501,0
1502,2
1503,0
1504,0
1505,0
1506,1
1507,2
1508,1
1509,2
1510,0
1511,1
1512,0
1513,1
1514,2
1515,2
1516,2
1517,2
1518,2
1519,0
1520,1
1521,1
1522,2
1523,0
1524,1
1525,1
1526,1
1527,2
1528,0
1529,0
1530,2
1531,0
1532,1
1533,1
1534,1
1535,1
1536,1
1537,1
1538,2
1539,1
1540,1
1541,1
1542,0
1543,2
1544,0
1545,2
1546,0
1547,2
1548,1
1549,0
1550,1
1551,0
1552,0
1553,2
1554,0
1555,2
1556,1
1557,2
1558,2
1559,2
1560,1
1561,2
1562,1
1563,0
1564,0
1565,0
1566,2
1567,2
1568,1
1569,1
1570,1
1571,1
1572,2
1573,1
1574,0
1575,0
1576,0
1577,0
1578,1
1579,0
1580,0
1581,2
1582,2
1583,1
1584,1
1585,2
1586,1
1587,1
1588,0
1589,2
1590,2
1591,2
1592,0
1593,0
1594,2
1595,1
1596,0
1597,0
1598,0
1599,2
1600,0
1601,1
1602,0
1603,0
1604,0
1605,2
1606,1
1607,1
1608,1
1609,2
1610,1
1611,2
1612,0
1613,0
1614,2
1615,0
1616,2
1617,1
1618,0
1619,0
1620,1
1621,2
1622,2
1623,1
1624,0
1625,1
1626,2
1627,0
1628,0
1629,2
1630,2
1631,1
1632,1
1633,1
1634,1
1635,0
1636,0
1637,1
1638,0
1639,0
1640,1
1641,0
1642,2
1643,2
1644,1
1645,1
1646,0
1647,2
1648,2
1649,0
1650,0
1651,0
1652,1
1653,1
1654,1
1655,1
1656,2
1657,0
1658,0
1659,1
1660,0
1661,1
1662,2
1663,2
1664,1
1665,0
1666,2
1667,0
1668,2
1669,1
1670,1
1671,1
1672,1
1673,2
1674,0
1675,2
1676,0
1677,1
1678,0
1679,2
1680,2
1681,0
1682,2
1683,1
1684,0
1685,1
1686,2
1687,0
1688,0
1689,2
1690,1
1691,0
1692,1
1693,2
1694,2
1695,0
1696,2
1697,2
1698,0
1699,0
1700,1
1701,0
1702,1
1703,2
1704,2
1705,1
1706,1
1707,1
1708,1
1709,1
1710,1
1711,2
1712,2
1713,0
1714,2
1715,0
1716,0
1717,0
1718,1
1719,0
1720,1
1721,2
1722,0
1723,0
1724,1
1725,0
1726,0
1727,2
1728,0
1729,1
1730,0
1731,2
1732,0
1733,0
1734,0
1735,0
1736,0
1737,1
1738,0
1739,2
1740,0
1741,2
1742,1
1743,2
1744,2
1745,0
1746,2
1747,2
1748,1
1749,2
1750,1
1751,2
1752,1
1753,0
1754,1
1755,2
1756,0
1757,1
1758,1
1759,1
1760,2
1761,1
1762,0
1763,1
1764,2
1765,0
1766,1
1767,0
1768,2
1769,0
1770,2
1771,2
1772,1
1773,0
1774,0
1775,0
1776,1
1777,1
1778,0
1779,2
1780,1
1781,1
1782,1
1783,0
1784,1
1785,0
1786,0
1787,0
1788,0
1789,2
1790,0
1791,1
1792,1
1793,2
1794,0
1795,0
1796,1
1797,0
1798,2
1799,1
1800,0
1801,1
1802,0
1803,0
1804,0
1805,2
1806,2
1807,1
1808,2
1809,0
1810,1
1811,0
1812,2
1813,1
1814,2
1815,2
1816,2
1817,2
1818,2
1819,1
1820,1
1821,2
1822,2
1823,2
1824,1
1825,0
1826,1
1827,0
1828,2
1829,0
1830,0
1831,2
1832,1
1833,2
1834,1
1835,0
1836,2
1837,0
1838,2
1839,1
1840,1
1841,0
1842,0
1843,2
1844,1
1845,1
1846,0
1847,2
1848,1
1849,1
1850,0
1851,0
1852,2
1853,0
1854,0
1855,1
1856,2
1857,2
1858,1
1859,2
1860,1
1861,2
1862,1
1863,2
1864,2
1865,0
1866,2
1867,2
1868,2
1869,0
1870,2
1871,2
1872,0
1873,0
1874,1
1875,2
1876,0
1877,1
1878,1
1879,0
1880,1
1881,1
1882,0
1883,2
1884,1
1885,0
1886,2
1887,1
1888,2
1889,1
1890,0
1891,0
1892,1
1893,1
1894,2
1895,0
1896,1
1897,0
1898,2
1899,0
1900,2
1901,0
1902,0
1903,1
1904,0
1905,2
1906,1
1907,2
1908,0
1909,1
1910,0
1911,2
1912,1
1913,2
1914,2
1915,1
1916,0
1917,2
1918,1
1919,1
1920,2
1921,0
1922,1
1923,2
1924,0
1925,1
1926,0
1927,2
1928,1
1929,2
1930,2
1931,2
1932,1
1933,1
1934,0
1935,2
1936,2
1937,0
1938,0
1939,2
1940,2
1941,1
1942,1
1943,0
1944,1
1945,2
1946,1
1947,2
1948,2
1949,0
1950,0
1951,2
1952,1
1953,2
1954,0
1955,2
1956,2
1957,2
1958,2
1959,2
1960,2
1961,2
1962,2
1963,0
1964,2
1965,1
1966,1
1967,0
1968,0
1969,1
1970,0
1971,2
1972,2
1973,1
1974,2
1975,0
1976,1
1977,1
1978,0
1979,1
1980,1
1981,0
1982,1
1983,1
1984,2
1985,2
1986,2
1987,1
1988,1
1989,1
1990,1
1991,2
1992,1
1993,1
1994,1
1995,2
1996,1
1997,0
1998,0
1999,2
2000,1
2001,0
2002,0
2003,0
2004,1
2005,0
2006,2
2007,2
2008,0
2009,0
2010,0
2011,1
2012,1
2013,0
2014,0
2015,2
2016,2
2017,1
2018,1
2019,2
2020,0
2021,1
2022,0
2023,2
2024,2
2025,1
2026,0
2027,2
2028,1
2029,2
2030,0
2031,2
2032,1
2033,1
2034,1
2035,1
2036,1
2037,1
2038,2
2039,0
2040,1
2041,1
2042,0
2043,1
2044,2
2045,0
2046,2
2047,2
2048,2
2049,2
2050,2
2051,0
2052,0
2053,0
2054,0
2055,2
2056,2
2057,2
2058,0
2059,1
2060,1
2061,2
2062,0
2063,1
2064,0
2065,2
2066,0
2067,2
2068,1
2069,2
2070,2
2071,2
2072,2
2073,1
2074,1
2075,1
2076,0
2077,1
2078,1
2079,1
2080,1
2081,1
2082,0
2083,2
2084,1
2085,1
2086,1
2087,1
2088,0
2089,2
2090,0
2091,0
2092,1
2093,0
2094,0
2095,2
2096,0
2097,0
2098,2
2099,1
2100,1
2101,0
2102,2
2103,0
2104,1
2105,2
2106,2
2107,0
2108,2
2109,0
2110,1
2111,1
2112,1
2113,0
2114,0
2115,0
2116,2
2117,0
2118,0
2119,2
2120,0
2121,1
2122,0
2123,2
2124,0
2125,0
2126,2
2127,0
2128,1
2129,2
2130,1
2131,1
2132,1
2133,2
2134,0
2135,0
2136,2
2137,0
2138,1
2139,1
2140,2
2141,2
2142,2
2143,1
2144,0
2145,1
2146,0
2147,0
2148,2
2149,2
2150,0
2151,2
2152,1
2153,1
2154,0
2155,1
2156,2
2157,0
2158,0
2159,1
2160,0
2161,0
2162,0
2163,1
2164,1
2165,0
2166,2
2167,1
2168,2
2169,0
2170,1
2171,0
2172,1
2173,1
2174,2
2175,2
2176,2
2177,1
2178,0
2179,2
2180,0
2181,2
2182,2
2183,0
2184,0
2185,2
2186,0
2187,2
2188,2
2189,1
2190,2
2191,2
2192,2
2193,2
2194,1
2195,2
2196,0
2197,0
2198,1
2199,1
2200,2
2201,0
2202,2
2203,0
2204,2
2205,0
2206,1
2207,0
2208,2
2209,0
2210,1
2211,2
2212,2
2213,2
2214,1
2215,0
2216,1
2217,1
2218,2
2219,0
2220,0
2221,2
2222,1
2223,1
2224,0
2225,0
2226,2
2227,2
2228,2
2229,0
2230,0
2231,1
2232,1
2233,2
2234,2
2235,2
2236,2
2237,2
2238,1
2239,2
2240,0
2241,2
2242,0
2243,0
2244,0
2245,0
2246,0
2247,2
2248,1
2249,0
2250,0
2251,2
2252,2
2253,1
2254,0
2255,2
2256,0
2257,2
2258,0
2259,2
2260,1
2261,0
2262,0
2263,0
2264,2
2265,1
2266,2
2267,0
2268,1
2269,0
2270,1
2271,1
2272,0
2273,1
2274,0
2275,0
2276,2
2277,2
2278,0
2279,0
2280,2
2281,0
2282,1
2283,2
2284,0
2285,2
2286,0
2287,2
2288,0
2289,2
2290,0
2291,1
2292,1
2293,0
2294,1
2295,0
2296,2
2297,0
2298,1
2299,0
2300,1
2301,2
2302,2
2303,0
2304,1
2305,0
2306,0
2307,2
2308,0
2309,1
2310,0
2311,1
2312,1
2313,0
2314,0
2315,0
2316,2
2317,2
2318,0
2319,0
2320,1
2321,0
2322,1
2323,0
2324,2
2325,0
2326,1
2327,1
2328,2
2329,2
2330,0
2331,0
2332,1
2333,1
2334,2
2335,1
2336,2
2337,2
2338,2
2339,2
2340,1
2341,1
2342,0
2343,0
2344,0
2345,2
2346,0
2347,2
2348,2
2349,1
2350,2
2351,1
2352,1
2353,2
2354,1
2355,0
2356,0
2357,2
2358,0
2359,1
2360,1
2361,0
2362,2
2363,1
2364,1
2365,0
2366,2
2367,0
2368,0
2369,0
2370,2
2371,2
2372,0
2373,1
2374,1
2375,1
2376,1
2377,1
2378,1
2379,1
2380,2
2381,0
2382,2
2383,1
2384,2
2385,2
2386,2
2387,1
2388,1
2389,2
2390,2
2391,0
2392,1
2393,1
2394,2
2395,2
2396,0
2397,0
2398,1
2399,2
2400,0
2401,1
2402,2
2403,1
2404,1
2405,0
2406,2
2407,2
2408,1
2409,2
2410,0
2411,2
2412,1
2413,0
2414,2
2415,1
2416,2
2417,0
2418,1
2419,0
2420,0
2421,0
2422,0
2423,1
2424,1
2425,2
2426,1
2427,1
2428,2
2429,0
2430,2
2431,0
2432,0
2433,1
2434,2
2435,2
2436,1
2437,1
2438,2
2439,2
2440,2
2441,2
2442,1
2443,2
2444,2
2445,0
2446,1
2447,1
2448,1
2449,1
2450,1
2451,1
2452,2
2453,0
2454,2
2455,2
2456,0
2457,2
2458,0
2459,1
2460,0
2461,2
2462,0
2463,0
2464,2
2465,0
2466,2
2467,2
2468,2
2469,2
2470,2
2471,0
2472,1
2473,2
2474,1
2475,0
2476,1
2477,1
2478,2
2479,0
2480,1
2481,1
2482,2
2483,2
2484,2
2485,2
2486,0
2487,2
2488,2
2489,1
2490,1
2491,0
2492,0
2493,2
2494,1
2495,2
2496,0
2497,0
2498,1
2499,2
2500,2
2501,2
2502,2
2503,0
2504,0
2505,2
2506,1
2507,0
2508,1
2509,2
2510,0
2511,2
2512,1
2513,2
2514,2
2515,2
2516,2
2517,1
2518,1
2519,0
2520,0
2521,0
2522,0
2523,0
2524,0
2525,0
2526,1
2527,0
2528,2
2529,1
2530,1
2531,0
2532,0
2533,0
2534,2
2535,1
2536,0
2537,0
2538,1
2539,2
2540,2
2541,1
2542,2
2543,1
2544,0
2545,0
2546,1
2547,0
2548,0
2549,0
2550,0
2551,0
2552,0
2553,1
2554,1
2555,2
2556,2
2557,1
2558,2
2559,1
2560,1
2561,2
2562,2
2563,0
2564,2
2565,0
2566,1
2567,0
2568,0
2569,1
2570,0
2571,1
2572,0
2573,1
2574,2
2575,0
2576,0
2577,2
2578,2
2579,0
2580,2
2581,1
2582,2
2583,1
2584,2
2585,0
2586,2
2587,2
2588,0
2589,2
2590,2
2591,0
2592,0
2593,0
2594,1
2595,0
2596,1
2597,1
2598,2
2599,1
2600,2
2601,2
2602,2
2603,1
2604,2
2605,1
2606,2
2607,1
2608,1
2609,0
2610,2
2611,1
2612,2
2613,0
2614,1
2615,1
2616,2
2617,2
2618,2
2619,0
2620,1
2621,2
2622,2
2623,1
2624,1
2625,0
2626,1
2627,2
2628,0
2629,0
2630,1
2631,2
2632,1
2633,0
2634,2
2635,0
2636,2
2637,1
2638,1
2639,0
2640,0
2641,0
2642,2
2643,1
2644,0
2645,1
2646,1
2647,0
2648,1
2649,0
2650,1
2651,2
2652,0
2653,1
2654,2
2655,0
2656,2
2657,2
2658,0
2659,0
2660,1
2661,2
2662,0
2663,2
2664,0
2665,2
2666,1
2667,2
2668,1
2669,1
2670,2
2671,2
2672,1
2673,2
2674,2
2675,0
2676,1
2677,1
2678,1
2679,1
2680,1
2681,1
2682,2
2683,1
2684,1
2685,0
2686,1
2687,0
2688,2
2689,2
2690,1
2691,0
2692,1
2693,0
2694,1
2695,0
2696,0
2697,0
2698,1
2699,1
2700,0
2701,0
2702,2
2703,0
2704,1
2705,2
2706,0
2707,0
2708,0
2709,2
2710,0
2711,1
2712,1
2713,0
2714,2
2715,2
2716,0
2717,1
2718,0
2719,2
2720,1
2721,1
2722,0
2723,0
2724,0
2725,2
2726,0
2727,1
2728,0
2729,1
2730,0
2731,2
2732,2
2733,0
2734,2
2735,2
2736,2
2737,2
2738,2
2739,0
2740,0
2741,0
2742,2
2743,1
2744,1
2745,1
2746,1
2747,1
2748,2
2749,0
2750,0
2751,2
2752,0
2753,0
2754,0
2755,2
2756,2
2757,1
2758,0
2759,1
2760,0
2761,1
2762,2
2763,2
2764,1
2765,0
2766,0
2767,1
2768,0
2769,1
2770,1
2771,1
2772,2
2773,1
2774,2
2775,0
2776,0
2777,0
2778,0
2779,1
2780,1
2781,2
2782,2
2783,2
2784,0
2785,1
2786,2
2787,2
2788,1
2789,1
2790,0
2791,0
2792,1
2793,0
2794,0
2795,2
2796,2
2797,1
2798,2
2799,1
2800,0
2801,2
2802,2
2803,1
2804,1
2805,0
2806,1
2807,0
2808,1
2809,1
2810,2
2811,1
2812,1
2813,1
2814,2
2815,1
2816,2
2817,2
2818,2
2819,0
2820,2
2821,2
2822,1
2823,0
2824,2
2825,2
2826,0
2827,0
2828,0
2829,2
2830,2
2831,0
2832,0
2833,2
2834,2
2835,2
2836,0
2837,2
2838,0
2839,0
2840,0
2841,1
2842,1
2843,0
2844,1
2845,0
2846,1
2847,2
2848,2
2849,1
2850,0
2851,1
2852,0
2853,2
2854,2
2855,1
2856,1
2857,1
2858,2
2859,0
2860,0
2861,1
2862,1
2863,2
2864,0
2865,2
2866,1
2867,0
2868,0
2869,1
2870,1
2871,2
2872,2
2873,0
2874,0
2875,1
2876,1
2877,1
2878,2
2879,0
2880,1
2881,0
2882,0
2883,1
2884,1
2885,1
2886,1
2887,0
2888,1
2889,1
2890,1
2891,2
2892,1
2893,1
2894,1
2895,1
2896,0
2897,2
2898,2
2899,0
2900,2
2901,2
2902,2
2903,0
2904,1
2905,1
2906,0
2907,2
2908,2
2909,1
2910,2
2911,1
2912,1
2913,2
2914,1
2915,0
2916,2
2917,1
2918,1
2919,1
2920,1
2921,2
2922,1
2923,2
2924,0
2925,1
2926,2
2927,0
2928,2
2929,2
2930,0
2931,0
2932,0
2933,1
2934,2
2935,1
2936,2
2937,2
2938,1
2939,1
2940,2
2941,1
2942,1
2943,1
2944,2
2945,0
2946,1
2947,2
2948,2
2949,2
2950,0
2951,1
2952,2
2953,2
2954,0
2955,2
2956,0
2957,2
2958,0
2959,1
2960,0
2961,2
2962,1
2963,2
2964,2
2965,1
2966,2
2967,2
2968,2
2969,0
2970,0
2971,0
2972,0
2973,1
2974,2
2975,0
2976,1
2977,1
2978,0
2979,1
2980,0
2981,1
2982,1
2983,2
2984,0
2985,1
2986,1
2987,1
2988,0
2989,1
2990,0
2991,0
2992,0
2993,1
2994,0
2995,0
2996,1
2997,2
2998,2
2999,2
3000,1
3001,0
3002,0
3003,1
3004,0
3005,1
3006,0
3007,0
3008,1
3009,0
3010,1
3011,0
3012,2
3013,0
3014,0
3015,1
3016,0
3017,1
3018,0
3019,2
3020,2
3021,2
3022,0
3023,0
3024,2
3025,1
3026,0
3027,0
3028,1
3029,0
3030,2
3031,1
3032,1
3033,1
3034,0
3035,0
3036,1
3037,2
3038,0
3039,0
3040,1
3041,2
3042,2
3043,1
3044,1
3045,2
3046,0
3047,0
3048,2
3049,0
3050,1
3051,1
3052,0
3053,1
3054,1
3055,1
3056,1
3057,0
3058,0
3059,0
3060,2
3061,1
3062,2
3063,2
3064,0
3065,1
3066,1
3067,2
3068,2
3069,1
3070,1
3071,0
3072,0
3073,0
3074,2
3075,2
3076,0
3077,0
3078,1
3079,0
3080,0
3081,0
3082,0
3083,2
3084,1
3085,2
3086,1
3087,2
3088,0
3089,2
3090,2
3091,0
3092,2
3093,0
3094,2
3095,1
3096,1
3097,2
3098,0
3099,0
3100,1
3101,2
3102,1
3103,1
3104,2
3105,1
3106,1
3107,1
3108,2
3109,1
3110,2
3111,1
3112,0
3113,0
3114,2
3115,2
3116,1
3117,0
3118,0
3119,0
3120,0
3121,2
3122,1
3123,2
3124,1
3125,0
3126,1
3127,1
3128,1
3129,2
3130,0
3131,0
3132,0
3133,2
3134,2
3135,0
3136,0
3137,0
3138,1
3139,2
3140,0
3141,1
3142,0
3143,0
3144,1
3145,1
3146,0
3147,2
3148,0
3149,1
3150,0
3151,0
3152,2
3153,2
3154,2
3155,2
3156,1
3157,0
3158,2
3159,2
3160,0
3161,0
3162,1
3163,2
3164,2
3165,1
3166,2
3167,1
3168,2
3169,0
3170,0
3171,2
3172,2
3173,0
3174,1
3175,0
3176,1
3177,1
3178,1
3179,1
3180,1
3181,2
3182,0
3183,2
3184,2
3185,1
3186,1
3187,1
3188,0
3189,1
3190,0
3191,1
3192,2
3193,0
3194,2
3195,0
3196,1
3197,0
3198,0
3199,2
3200,0
3201,0
3202,0
3203,2
3204,0
3205,1
3206,0
3207,1
3208,0
3209,1
3210,2
3211,0
3212,2
3213,2
3214,0
3215,0
3216,0
3217,1
3218,2
3219,1
3220,1
3221,1
3222,2
3223,1
3224,0
3225,0
3226,1
3227,2
3228,2
3229,0
3230,2
3231,2
3232,2
3233,1
3234,1
3235,1
3236,0
3237,1
3238,0
3239,1
3240,2
3241,2
3242,0
3243,2
3244,0
3245,2
3246,0
3247,1
3248,1
3249,1
3250,0
3251,0
3252,1
3253,0
3254,1
3255,2
3256,0
3257,0
3258,1
3259,0
3260,1
3261,0
3262,2
3263,0
3264,1
3265,0
3266,2
3267,0
3268,2
3269,1
3270,1
3271,0
3272,0
3273,1
3274,2
3275,2
3276,1
3277,2
3278,1
3279,2
3280,1
3281,2
3282,0
3283,1
3284,0
3285,0
3286,1
3287,1
3288,0
3289,1
3290,0
3291,1
3292,1
3293,2
3294,0
3295,0
3296,1
3297,0
3298,1
3299,1
3300,1
3301,1
3302,0
3303,2
3304,2
3305,0
3306,2
3307,2
3308,0
3309,0
3310,2
3311,1
3312,1
3313,2
3314,2
3315,0
3316,1
3317,1
3318,0
3319,2
3320,2
3321,2
3322,1
3323,2
3324,2
3325,1
3326,1
3327,1
3328,2
3329,2
3330,2
3331,2
3332,2
3333,1
3334,1
3335,2
3336,1
3337,0
3338,2
3339,2
3340,2
3341,2
3342,0
3343,1
3344,2
3345,0
3346,0
3347,0
3348,2
3349,0
3350,1
3351,0
3352,1
3353,1
3354,1
3355,1
3356,2
3357,1
3358,0
3359,1
3360,1
3361,2
3362,0
3363,2
3364,1
3365,0
3366,1
3367,2
3368,1
3369,1
3370,2
3371,1
3372,2
3373,0
3374,1
3375,1
3376,2
3377,2
3378,1
3379,1
3380,2
3381,0
3382,2
3383,0
3384,2
3385,1
3386,0
3387,0
3388,1
3389,2
3390,0
3391,0
3392,2
3393,1
3394,0
3395,1
3396,0
3397,1
3398,0
3399,0
3400,0
3401,2
3402,2
3403,2
3404,1
3405,0
3406,2
3407,1
3408,1
3409,2
3410,0
3411,0
3412,2
3413,0
3414,0
3415,0
3416,0
3417,0
3418,1
3419,1
3420,0
3421,1
3422,2
3423,2
3424,2
3425,1
3426,0
3427,2
3428,0
3429,0
3430,2
3431,2
3432,2
3433,2
3434,1
3435,0
3436,0
3437,0
3438,2
3439,1
3440,2
3441,2
3442,0
3443,2
3444,1
3445,0
3446,1
3447,1
3448,1
3449,2
3450,1
3451,2
3452,0
3453,1
3454,1
3455,1
3456,1
3457,1
3458,0
3459,2
3460,1
3461,2
3462,0
3463,1
3464,1
3465,0
3466,2
3467,2
3468,2
3469,1
3470,1
3471,0
3472,1
3473,2
3474,0
3475,1
3476,1
3477,1
3478,0
3479,1
3480,1
3481,1
3482,2
3483,0
3484,0
3485,0
3486,1
3487,2
3488,0
3489,0
3490,2
3491,1
3492,2
3493,2
3494,0
3495,2
3496,0
3497,1
3498,0
3499,2
3500,1
3501,2
3502,1
3503,1
3504,1
3505,0
3506,0
3507,0
3508,0
3509,0
3510,0
3511,0
3512,1
3513,1
3514,0
3515,0
3516,1
3517,0
3518,1
3519,2
3520,0
3521,2
3522,2
3523,1
3524,2
3525,2
3526,1
3527,2
3528,1
3529,0
3530,2
3531,2
3532,2
3533,2
3534,2
3535,2
3536,0
3537,0
3538,2
3539,0
3540,0
3541,2
3542,2
3543,2
3544,1
3545,1
3546,2
3547,1
3548,1
3549,1
3550,1
3551,0
3552,1
3553,2
3554,0
3555,0
3556,0
3557,2
3558,2
3559,2
3560,1
3561,2
3562,2
3563,1
3564,2
3565,1
3566,0
3567,2
3568,0
3569,1
3570,1
3571,0
3572,2
3573,1
3574,1
3575,1
3576,2
3577,1
3578,1
3579,0
3580,1
3581,2
3582,2
3583,0
3584,1
3585,0
3586,1
3587,1
3588,0
3589,0
3590,2
3591,0
3592,2
3593,2
3594,2
3595,0
3596,1
3597,0
3598,0
3599,1
3600,1
3601,1
3602,2
3603,1
3604,0
3605,1
3606,1
3607,1
3608,0
3609,1
3610,0
3611,0
3612,1
3613,2
3614,0
3615,2
3616,0
3617,2
3618,2
3619,1
3620,1
3621,1
3622,2
3623,1
3624,1
3625,1
3626,1
3627,2
3628,1
3629,2
3630,1
3631,2
3632,2
3633,0
3634,2
3635,0
3636,1
3637,1
3638,0
3639,1
3640,2
3641,2
3642,2
3643,0
3644,2
3645,1
3646,2
3647,0
3648,2
3649,1
3650,2
3651,0
3652,0
3653,0
3654,0
3655,0
3656,1
3657,1
3658,0
3659,2
3660,0
3661,1
3662,1
3663,2
3664,0
3665,0
3666,0
3667,2
3668,0
3669,2
3670,1
3671,0
3672,1
3673,2
3674,2
3675,1
3676,2
3677,2
3678,0
3679,1
3680,2
3681,2
3682,1
3683,2
3684,2
3685,2
3686,2
3687,0
3688,0
3689,2
3690,0
3691,1
3692,1
3693,1
3694,1
3695,0
3696,1
3697,0
3698,2
3699,2
3700,1
3701,2
3702,0
3703,2
3704,0
3705,0
3706,2
3707,0
3708,0
3709,0
3710,0
3711,2
3712,0
3713,2
3714,2
3715,0
3716,2
3717,0
3718,2
3719,2
3720,2
3721,2
3722,0
3723,2
3724,2
3725,1
3726,1
3727,2
3728,1
3729,0
3730,0
3731,1
3732,1
3733,2
3734,2
3735,0
3736,1
3737,2
3738,1
3739,1
3740,1
3741,1
3742,0
3743,0
3744,2
3745,1
3746,1
3747,0
3748,0
3749,2
3750,2
3751,2
3752,0
3753,0
3754,0
3755,1
3756,1
3757,2
3758,1
3759,2
3760,1
3761,2
3762,1
3763,1
3764,1
3765,0
3766,0
3767,0
3768,1
3769,1
3770,1
3771,2
3772,0
3773,1
3774,0
3775,2
3776,2
3777,0
3778,2
3779,2
3780,2
3781,1
3782,0
3783,0
3784,2
3785,0
3786,2
3787,2
3788,0
3789,1
3790,1
3791,2
3792,1
3793,2
3794,1
3795,1
3796,2
3797,1
3798,1
3799,0
3800,1
3801,1
3802,1
3803,0
3804,2
3805,2
3806,1
3807,0
3808,2
3809,1
3810,0
3811,0
3812,0
3813,1
3814,1
3815,2
3816,1
3817,2
3818,1
3819,2
3820,2
3821,1
3822,1
3823,0
3824,1
3825,2
3826,1
3827,2
3828,0
3829,1
3830,1
3831,0
3832,0
3833,2
3834,0
3835,2
3836,1
3837,2
3838,2
3839,2
3840,1
3841,1
3842,0
3843,1
3844,0
3845,2
3846,1
3847,1
3848,0
3849,2
3850,2
3851,0
3852,0
3853,1
3854,0
3855,1
3856,1
3857,0
3858,2
3859,0
3860,0
3861,1
3862,1
3863,0
3864,2
3865,2
3866,1
3867,2
3868,1
3869,1
3870,2
3871,0
3872,1
3873,1
3874,2
3875,0
3876,1
3877,1
3878,1
3879,1
3880,1
3881,1
3882,0
3883,1
3884,1
3885,0
3886,2
3887,0
3888,1
3889,2
3890,2
3891,0
3892,2
3893,1
3894,0
3895,1
3896,0
3897,0
3898,1
3899,0
3900,0
3901,1
3902,1
3903,2
3904,2
3905,0
3906,0
3907,1
3908,1
3909,0
3910,0
3911,0
3912,1
3913,0
3914,0
3915,1
3916,2
3917,0
3918,1
3919,2
3920,2
3921,1
3922,0
3923,2
3924,2
3925,0
3926,0
3927,1
3928,0
3929,0
3930,1
3931,2
3932,2
3933,0
3934,2
3935,0
3936,1
3937,2
3938,0
3939,1
3940,0
3941,1
3942,2
3943,0
3944,0
3945,2
3946,0
3947,0
3948,1
3949,1
3950,1
3951,2
3952,0
3953,2
3954,0
3955,2
3956,1
3957,0
3958,2
3959,2
3960,1
3961,1
3962,1
3963,1
3964,2
3965,1
3966,2
3967,2
3968,2
3969,0
3970,0
3971,0
3972,1
3973,2
3974,0
3975,1
3976,0
3977,0
3978,2
3979,0
3980,1
3981,2
3982,1
3983,0
3984,0
3985,2
3986,0
3987,2
3988,0
3989,1
3990,2
3991,0
3992,2
3993,2
3994,2
3995,0
3996,2
3997,1
3998,1
3999,2
4000,2
4001,1
4002,2
4003,0
4004,2
4005,1
4006,2
4007,2
4008,2
4009,2
4010,2
4011,2
4012,1
4013,2
4014,0
4015,1
4016,0
4017,0
4018,0
4019,2
4020,0
4021,1
4022,2
4023,0
4024,1
4025,1
4026,2
4027,2
4028,2
4029,2
4030,2
4031,1
4032,2
4033,2
4034,0
4035,1
4036,1
4037,0
4038,0
4039,2
4040,2
4041,2
4042,0
4043,2
4044,0
4045,0
4046,1
4047,2
4048,0
4049,0
4050,2
4051,1
4052,2
4053,2
4054,0
4055,1
4056,1
4057,2
4058,2
4059,2
4060,2
4061,0
4062,0
4063,0
4064,2
4065,1
4066,2
4067,2
4068,0
4069,1
4070,1
4071,2
4072,2
4073,0
4074,2
4075,2
4076,0
4077,1
4078,0
4079,2
4080,0
4081,0
4082,1
4083,2
4084,0
4085,0
4086,2
4087,0
4088,2
4089,1
4090,2
4091,0
4092,1
4093,1
4094,0
4095,2
4096,0
4097,2
4098,2
4099,2
4100,0
4101,0
4102,2
4103,0
4104,1
4105,2
4106,1
4107,2
4108,1
4109,0
4110,1
4111,1
4112,2
4113,0
4114,2
4115,2
4116,1
4117,0
4118,0
4119,1
4120,1
4121,0
4122,1
4123,2
4124,1
4125,2
4126,2
4127,0
4128,2
4129,1
4130,1
4131,2
4132,2
4133,0
4134,2
4135,2
4136,2
4137,2
4138,0
4139,2
4140,1
4141,0
4142,2
4143,2
4144,1
4145,0
4146,1
4147,0
4148,0
4149,1
4150,1
4151,1
4152,2
4153,0
4154,1
4155,2
4156,1
4157,2
4158,1
4159,0
4160,2
4161,2
4162,0
4163,2
4164,2
4165,1
4166,1
4167,1
4168,0
4169,2
4170,1
4171,1
4172,2
4173,2
4174,0
4175,0
4176,2
4177,0
4178,2
4179,0
4180,1
4181,2
4182,0
4183,2
4184,0
4185,1
4186,1
4187,2
4188,2
4189,2
4190,1
4191,0
4192,1
4193,2
4194,0
4195,2
4196,2
4197,1
4198,2
4199,2
4200,2
4201,0
4202,2
4203,1
4204,1
4205,1
4206,0
4207,1
4208,1
4209,2
4210,2
4211,1
4212,0
4213,1
4214,1
4215,2
4216,1
4217,0
4218,1
4219,0
4220,1
4221,2
4222,0
4223,1
4224,0
4225,1
4226,2
4227,2
4228,2
4229,2
4230,2
4231,2
4232,0
4233,1
4234,2
4235,1
4236,2
4237,0
4238,2
4239,2
4240,1
4241,1
4242,0
4243,2
4244,0
4245,2
4246,2
4247,2
4248,0
4249,2
4250,0
4251,2
4252,0
4253,1
4254,1
4255,2
4256,2
4257,1
4258,0
4259,1
4260,2
4261,0
4262,0
4263,0
4264,0
4265,2
4266,2
4267,1
4268,0
4269,0
4270,0
4271,0
4272,0
4273,1
4274,1
4275,1
4276,2
4277,0
4278,2
4279,1
4280,2
4281,0
4282,0
4283,2
4284,0
4285,0
4286,1
4287,0
4288,2
4289,1
4290,2
4291,0
4292,1
4293,0
4294,2
4295,1
4296,2
4297,0
4298,0
4299,1
4300,1
4301,2
4302,1
4303,0
4304,1
4305,0
4306,0
4307,2
4308,1
4309,0
4310,0
4311,1
4312,2
4313,0
4314,1
4315,1
4316,2
4317,0
4318,2
4319,2
4320,1
4321,0
4322,2
4323,0
4324,2
4325,2
4326,2
4327,1
4328,1
4329,1
4330,1
4331,1
4332,0
4333,1
4334,2
4335,0
4336,0
4337,2
4338,2
4339,0
4340,2
4341,2
4342,1
4343,1
4344,2
4345,1
4346,2
4347,0
4348,1
4349,0
4350,1
4351,2
4352,2
4353,2
4354,1
4355,2
4356,0
4357,2
4358,1
4359,0
4360,1
4361,1
4362,0
4363,1
4364,0
4365,2
4366,0
4367,0
4368,2
4369,2
4370,0
4371,1
4372,2
4373,0
4374,2
4375,2
4376,1
4377,2
4378,2
4379,1
4380,2
4381,2
4382,1
4383,2
4384,2
4385,1
4386,0
4387,2
4388,0
4389,0
4390,1
4391,1
4392,2
4393,1
4394,0
4395,0
4396,1
4397,0
4398,2
4399,0
4400,2
4401,0
4402,1
4403,1
4404,0
4405,0
4406,2
4407,2
4408,0
4409,0
4410,1
4411,1
4412,2
4413,1
4414,2
4415,0
4416,2
4417,2
4418,1
4419,1
4420,0
4421,2
4422,2
4423,0
4424,0
4425,0
4426,2
4427,1
4428,0
4429,0
4430,2
4431,1
4432,0
4433,0
4434,2
4435,0
4436,0
4437,1
4438,1
4439,1
4440,0
4441,2
4442,2
4443,1
4444,0
4445,1
4446,2
4447,2
4448,0
4449,2
4450,0
4451,0
4452,1
4453,0
4454,1
4455,1
4456,1
4457,0
4458,1
4459,1
4460,1
4461,0
4462,1
4463,1
4464,2
4465,1
4466,0
4467,0
4468,0
4469,1
4470,2
4471,1
4472,2
4473,1
4474,2
4475,1
4476,0
4477,1
4478,2
4479,0
4480,0
4481,0
4482,2
4483,1
4484,2
4485,2
4486,2
4487,2
4488,2
4489,2
4490,1
4491,0
4492,1
4493,0
4494,2
4495,1
4496,0
4497,0
4498,1
4499,1
4500,1
4501,0
4502,2
4503,2
4504,1
4505,1
4506,1
4507,0
4508,0
4509,2
4510,2
4511,0
4512,0
4513,0
4514,0
4515,1
4516,1
4517,2
4518,1
4519,1
4520,1
4521,1
4522,2
4523,2
4524,0
4525,0
4526,2
4527,1
4528,1
4529,2
4530,2
4531,2
4532,1
4533,2
4534,2
4535,1
4536,2
4537,2
4538,1
4539,1
4540,2
4541,0
4542,1
4543,0
4544,0
4545,0
4546,1
4547,2
4548,0
4549,1
4550,2
4551,2
4552,1
4553,1
4554,1
4555,0
4556,2
4557,0
4558,2
4559,1
4560,1
4561,1
4562,1
4563,1
4564,2
4565,2
4566,1
4567,0
4568,2
4569,1
4570,2
4571,0
4572,0
4573,1
4574,1
4575,1
4576,1
4577,0
4578,1
4579,0
4580,1
4581,2
4582,0
4583,1
4584,1
4585,1
4586,2
4587,1
4588,0
4589,1
4590,1
4591,1
4592,2
4593,2
4594,2
4595,1
4596,2
4597,1
4598,2
4599,1
4600,2
4601,0
4602,1
4603,1
4604,1
4605,0
4606,0
4607,1
4608,0
4609,0
4610,0
4611,2
4612,2
4613,1
4614,1
4615,1
4616,1
4617,0
4618,2
4619,2
4620,1
4621,2
4622,2
4623,1
4624,1
4625,1
4626,1
4627,1
4628,0
4629,0
4630,1
4631,2
4632,0
4633,2
4634,0
4635,2
4636,1
4637,2
4638,1
4639,1
4640,0
4641,2
4642,0
4643,1
4644,0
4645,1
4646,1
4647,1
4648,1
4649,1
4650,1
4651,1
4652,1
4653,1
4654,2
4655,0
4656,1
4657,1
4658,2
4659,2
4660,0
4661,0
4662,2
4663,2
4664,0
4665,0
4666,2
4667,0
4668,2
4669,0
4670,2
4671,0
4672,1
4673,1
4674,2
4675,0
4676,2
4677,1
4678,2
4679,2
4680,1
4681,1
4682,1
4683,1
4684,0
4685,0
4686,0
4687,1
4688,1
4689,0
4690,1
4691,2
4692,2
4693,2
4694,2
4695,1
4696,2
4697,0
4698,2
4699,0
4700,1
4701,1
4702,2
4703,0
4704,0
4705,1
4706,1
4707,0
4708,0
4709,0
4710,2
4711,0
4712,0
4713,1
4714,2
4715,0
4716,2
4717,1
4718,2
4719,1
4720,0
4721,1
4722,2
4723,0
4724,1
4725,1
4726,2
4727,0
4728,1
4729,1
4730,0
4731,2
4732,0
4733,0
4734,1
4735,1
4736,0
4737,1
4738,2
4739,0
4740,1
4741,2
4742,2
4743,2
4744,1
4745,2
4746,2
4747,0
4748,2
4749,0
4750,0
4751,0
4752,0
4753,0
4754,1
4755,2
4756,1
4757,1
4758,0
4759,2
4760,1
4761,0
4762,2
4763,0
4764,1
4765,2
4766,0
4767,2
4768,2
4769,1
4770,1
4771,2
4772,2
4773,0
4774,0
4775,1
4776,0
4777,0
4778,1
4779,2
4780,2
4781,2
4782,1
4783,2
4784,0
4785,1
4786,1
4787,0
4788,2
4789,1
4790,2
4791,1
4792,0
4793,1
4794,1
4795,1
4796,2
4797,0
4798,1
4799,1
4800,1
4801,0
4802,2
4803,1
4804,2
4805,1
4806,2
4807,0
4808,2
4809,2
4810,2
4811,0
4812,2
4813,1
4814,1
4815,1
4816,2
4817,1
4818,2
4819,2
4820,2
4821,0
4822,0
4823,1
4824,2
4825,0
4826,2
4827,1
4828,2
4829,2
4830,2
4831,0
4832,1
4833,0
4834,1
4835,0
4836,1
4837,0
4838,1
4839,0
4840,1
4841,1
4842,1
4843,0
4844,2
4845,0
4846,1
4847,1
4848,2
4849,2
4850,1
4851,2
4852,2
4853,1
4854,1
4855,1
4856,1
4857,2
4858,1
4859,2
4860,2
4861,1
4862,0
4863,1
4864,1
4865,2
4866,1
4867,2
4868,0
4869,1
4870,2
4871,2
4872,0
4873,1
4874,0
4875,0
4876,1
4877,0
4878,1
4879,0
4880,2
4881,2
4882,0
4883,1
4884,1
4885,2
4886,0
4887,2
4888,1
4889,2
4890,0
4891,0
4892,2
4893,2
4894,0
4895,2
4896,1
4897,1
4898,1
4899,1
4900,1
4901,0
4902,0
4903,0
4904,1
4905,1
4906,2
4907,0
4908,1
4909,1
4910,0
4911,2
4912,1
4913,2
4914,1
4915,1
4916,1
4917,1
4918,2
4919,0
4920,0
4921,1
4922,0
4923,0
4924,0
4925,0
4926,2
4927,2
4928,1
4929,1
4930,0
4931,1
4932,2
4933,2
4934,2
4935,2
4936,1
4937,1
4938,1
4939,2
4940,2
4941,1
4942,2
4943,1
4944,2
4945,0
4946,0
4947,1
4948,1
4949,1
4950,2
4951,2
4952,2
4953,0
4954,1
4955,0
4956,1
4957,2
4958,2
4959,0
4960,0
4961,2
4962,2
4963,2
4964,0
4965,1
4966,2
4967,2
4968,2
4969,0
4970,2
4971,0
4972,0
4973,2
4974,1
4975,0
4976,2
4977,1
4978,0
4979,0
4980,1
4981,1
4982,1
4983,2
4984,1
4985,0
4986,2
4987,0
4988,0
4989,2
4990,2
4991,0
4992,0
4993,0
4994,0
4995,2
4996,0
4997,2
4998,0
4999,1
5000,1
